order_number,order_date,state,n_lines,line_sum,orders_in_email,email_printed_total,email_line_sum,email_residual,message_date
03831004,05/21/2025,allocated,27,2302.27,1,2302.27,2302.27,0.00,2025-05-21T20:57:47Z
03920951,07/02/2025,allocated,35,2792.44,1,2792.44,2792.44,0.00,2025-07-02T21:19:33Z
03935145,07/09/2025,confirmation,45,4385.90,2,4467.69,4455.21,12.48,2025-07-09T21:28:25Z
13924459,07/09/2025,confirmation,3,69.31,2,4467.69,4455.21,12.48,2025-07-09T21:28:25Z
03948886,07/16/2025,allocated,50,5228.66,1,5228.66,5228.66,0.00,2025-07-16T17:47:41Z
03949534,07/16/2025,inline,,195.74,1,195.74,195.74,0.00,inline
03964811,07/23/2025,allocated,50,5872.11,1,5872.11,5872.11,0.00,2025-07-23T21:27:13Z
03972116,07/27/2025,allocated,55,5636.56,1,5636.56,5636.56,0.00,2025-07-27T21:20:28Z
13952140,07/27/2025,confirmation,2,423.76,2,5685.01,5673.56,11.45,2025-07-27T21:13:27Z
03978489,07/30/2025,inline,,434.32,1,434.32,434.32,0.00,inline
03987009,08/03/2025,allocated,62,6156.84,1,6156.84,6156.84,0.00,2025-08-03T21:10:49Z
03994786,08/06/2025,allocated,5,761.05,1,761.05,761.05,0.00,2025-08-06T20:52:32Z
04002527,08/10/2025,allocated,36,4173.55,1,4173.55,4173.55,0.00,2025-08-10T20:59:37Z
04002584,08/10/2025,inline,,376.08,1,376.08,376.08,0.00,inline
04010453,08/13/2025,allocated,7,361.46,1,361.46,361.46,0.00,2025-08-13T21:11:21Z
04018109,08/17/2025,allocated,37,4746.20,1,4746.20,4746.20,0.00,2025-08-17T21:21:01Z
04026005,08/20/2025,confirmation,10,740.84,1,757.04,740.84,16.20,2025-08-20T21:19:25Z
04033469,08/24/2025,allocated,37,3593.41,1,3593.41,3593.41,0.00,2025-08-24T21:37:52Z
04055402,09/03/2025,allocated,5,350.54,1,350.54,350.54,0.00,2025-09-03T20:24:07Z
04061695,09/07/2025,allocated,9,1341.23,1,1341.23,1341.23,0.00,2025-09-07T15:05:23Z
04070504,09/10/2025,allocated,6,262.83,1,262.83,262.83,0.00,2025-09-10T20:59:12Z
04076660,09/14/2025,allocated,24,4028.81,1,4028.81,4028.81,0.00,2025-09-14T16:45:14Z
04085431,09/17/2025,inline,,117.80,1,117.80,117.80,0.00,inline
04092972,09/21/2025,allocated,19,1976.66,1,1976.66,1976.66,0.00,2025-09-21T21:54:42Z
04107705,09/28/2025,allocated,22,2133.34,1,2133.34,2133.34,0.00,2025-09-28T20:30:29Z
04122387,10/05/2025,allocated,36,2589.82,1,2589.82,2589.82,0.00,2025-10-05T20:31:17Z
04129888,10/08/2025,allocated,4,423.48,1,423.48,423.48,0.00,2025-10-08T20:25:54Z
04137850,10/12/2025,allocated,37,2821.27,1,2821.27,2821.27,0.00,2025-10-12T21:24:26Z
04144410,10/15/2025,allocated,6,717.51,1,717.51,717.51,0.00,2025-10-15T19:17:39Z
04152202,10/19/2025,allocated,22,2568.10,1,2568.10,2568.10,0.00,2025-10-19T20:49:07Z
04152493,10/19/2025,inline,,91.90,1,91.90,91.90,0.00,inline
04169375,10/29/2025,allocated,19,1129.18,1,1129.18,1129.18,0.00,2025-10-29T19:52:32Z
04179930,11/02/2025,confirmation,11,898.65,2,1312.23,1271.24,40.99,2025-11-02T21:59:27Z
14095803,11/02/2025,confirmation,3,372.59,2,1312.23,1271.24,40.99,2025-11-02T21:59:27Z
04186340,11/05/2025,allocated,8,547.38,1,547.38,547.38,0.00,2025-11-05T19:45:14Z
04201201,11/12/2025,allocated,10,464.31,1,464.31,464.31,0.00,2025-11-12T22:08:39Z
04233505,11/30/2025,allocated,37,2892.82,1,2892.82,2892.82,0.00,2025-11-30T21:41:00Z
04234009,12/01/2025,confirmation,4,132.23,1,132.23,132.23,0.00,2025-12-01T00:44:18Z
04255058,12/10/2025,allocated,11,992.98,1,992.98,992.98,0.00,2025-12-10T22:24:33Z
04255088,12/10/2025,inline,,56.45,1,56.45,56.45,0.00,inline
04262282,12/14/2025,confirmation,20,2124.52,2,2359.61,2342.71,16.90,2025-12-14T22:17:56Z
14152617,12/14/2025,confirmation,2,218.19,2,2359.61,2342.71,16.90,2025-12-14T22:17:56Z
04283369,12/24/2025,allocated,8,1085.31,1,1085.31,1085.31,0.00,2025-12-24T21:20:38Z
04295722,12/31/2025,allocated,30,2904.24,1,2904.24,2904.24,0.00,2025-12-31T21:39:12Z
04301316,01/04/2026,allocated,22,1625.31,1,1625.31,1625.31,0.00,2026-01-04T20:01:52Z
04309562,01/07/2026,allocated,8,504.40,1,504.40,504.40,0.00,2026-01-07T22:10:41Z
04324390,01/14/2026,allocated,37,2812.83,1,2812.83,2812.83,0.00,2026-01-14T22:59:43Z
04338192,01/21/2026,confirmation,28,2766.66,2,2806.40,2798.95,7.45,2026-01-21T21:56:02Z
04338374,01/21/2026,inline,,58.61,1,58.61,58.61,0.00,inline
04338418,01/21/2026,inline,,54.45,1,54.45,54.45,0.00,inline
04338463,01/21/2026,inline,,36.90,1,36.90,36.90,0.00,inline
M2d061034a3df,01/21/2026,confirmation,1,32.29,2,2806.40,2798.95,7.45,2026-01-21T21:56:02Z
04345267,01/25/2026,allocated,23,2046.54,1,2046.54,2046.54,0.00,2026-01-25T22:27:51Z
04352622,01/28/2026,allocated,8,543.14,1,543.14,543.14,0.00,2026-01-28T22:59:40Z
04359182,02/01/2026,inline,,305.91,1,305.91,305.91,0.00,inline
04359300,02/01/2026,allocated,5,815.60,1,815.60,815.60,0.00,2026-02-01T22:30:51Z
04367270,02/04/2026,allocated,11,790.71,1,790.71,790.71,0.00,2026-02-04T22:30:45Z
04382191,02/11/2026,confirmation,10,1099.68,1,1099.68,1099.68,0.00,2026-02-11T21:19:40Z
14219691,02/11/2026,confirmation,1,8.61,1,16.06,8.61,7.45,2026-02-11T21:20:35Z
04390089,02/15/2026,allocated,8,571.72,1,571.72,571.72,0.00,2026-02-15T22:25:58Z
04390120,02/15/2026,allocated,3,343.76,1,343.76,343.76,0.00,2026-02-15T22:30:35Z
04398005,02/18/2026,confirmation,18,1404.71,2,1461.10,1449.65,11.45,2026-02-18T22:37:12Z
14227895,02/18/2026,confirmation,2,44.94,2,1461.10,1449.65,11.45,2026-02-18T22:37:12Z
04405210,02/22/2026,allocated,11,1365.88,1,1365.88,1365.88,0.00,2026-02-22T21:48:39Z
04411626,02/25/2026,confirmation,5,621.40,2,880.40,880.40,0.00,2026-02-25T18:13:22Z
04411628,02/25/2026,confirmation,2,259.00,2,880.40,880.40,0.00,2026-02-25T18:13:22Z
04419927,03/01/2026,allocated,18,1803.29,1,1803.29,1803.29,0.00,2026-03-01T21:54:05Z
04420381,03/01/2026,confirmation,1,94.22,1,94.22,94.22,0.00,2026-03-01T23:51:48Z
04428063,03/04/2026,allocated,12,623.72,1,623.72,623.72,0.00,2026-03-04T22:28:04Z
04442762,03/11/2026,confirmation,35,2187.94,3,2500.77,2500.77,0.00,2026-03-11T18:59:18Z
04442764,03/11/2026,confirmation,1,169.30,3,2500.77,2500.77,0.00,2026-03-11T18:59:18Z
04443539,03/11/2026,allocated,3,203.31,1,203.31,203.31,0.00,2026-03-11T21:02:49Z
Md0159224bef6,03/11/2026,confirmation,2,143.53,3,2500.77,2500.77,0.00,2026-03-11T18:59:18Z
04457919,03/18/2026,allocated,25,1897.03,1,1897.03,1897.03,0.00,2026-03-18T20:10:09Z
04458360,03/18/2026,allocated,2,195.51,1,195.51,195.51,0.00,2026-03-18T21:23:07Z
04465435,03/22/2026,allocated,25,2889.61,1,2889.61,2889.61,0.00,2026-03-22T21:31:09Z
04473173,03/25/2026,allocated,14,937.07,1,937.07,937.07,0.00,2026-03-25T21:30:02Z
04480577,03/29/2026,allocated,17,1767.83,1,1767.83,1767.83,0.00,2026-03-29T21:29:45Z
04488129,04/01/2026,confirmation,26,1483.97,2,1619.25,1611.80,7.45,2026-04-01T21:29:18Z
14280508,04/01/2026,confirmation,2,127.83,2,1619.25,1611.80,7.45,2026-04-01T21:29:18Z
04495029,04/05/2026,confirmation,25,2016.64,2,2079.55,2079.55,0.00,2026-04-05T19:10:02Z
04495032,04/05/2026,confirmation,2,62.91,2,2079.55,2079.55,0.00,2026-04-05T19:10:02Z
04517303,04/15/2026,allocated,19,867.12,1,867.12,867.12,0.00,2026-04-15T19:45:59Z
04524906,04/19/2026,confirmation,24,1161.91,2,1253.08,1239.17,13.91,2026-04-19T21:01:03Z
14302519,04/19/2026,confirmation,2,77.26,2,1253.08,1239.17,13.91,2026-04-19T21:01:03Z
04532316,04/22/2026,allocated,9,437.24,1,437.24,437.24,0.00,2026-04-22T21:16:47Z
04539197,04/26/2026,allocated,15,1405.89,1,1405.89,1405.89,0.00,2026-04-26T20:58:48Z
04553681,05/03/2026,allocated,5,556.17,1,556.17,556.17,0.00,2026-05-03T21:13:16Z
04560816,05/06/2026,allocated,7,395.12,1,395.12,395.12,0.00,2026-05-06T20:21:17Z
04560934,05/06/2026,allocated,4,271.17,1,271.17,271.17,0.00,2026-05-06T20:34:13Z
04568191,05/10/2026,confirmation,23,1524.28,2,1619.39,1619.39,0.00,2026-05-10T20:59:02Z
04568201,05/10/2026,inline,,157.44,1,157.44,157.44,0.00,inline
M6c504942d4db,05/10/2026,confirmation,2,95.11,2,1619.39,1619.39,0.00,2026-05-10T20:59:02Z
04575863,05/13/2026,allocated,7,253.15,1,253.15,253.15,0.00,2026-05-13T21:37:23Z
04575877,05/13/2026,confirmation,14,854.16,2,910.69,910.69,0.00,2026-05-13T21:38:15Z
04575879,05/13/2026,confirmation,2,56.53,2,910.69,910.69,0.00,2026-05-13T21:38:15Z
04589930,05/20/2026,allocated,51,3794.21,1,3794.21,3794.21,0.00,2026-05-20T21:08:46Z
04589935,05/20/2026,allocated,4,136.19,1,136.19,136.19,0.00,2026-05-20T21:09:37Z
04604579,05/27/2026,allocated,40,3649.85,1,3649.85,3649.85,0.00,2026-05-27T21:47:34Z
14350664,05/27/2026,confirmation,2,283.96,2,3683.53,3650.16,33.37,2026-05-27T21:24:51Z
04605146,05/28/2026,allocated,7,274.87,1,274.87,274.87,0.00,2026-05-28T14:13:14Z
04611612,05/31/2026,allocated,25,2157.34,1,2157.34,2157.34,0.00,2026-05-31T19:34:12Z
04612237,05/31/2026,inline,,25.55,1,25.55,25.55,0.00,inline
04619977,06/03/2026,allocated,31,3286.88,1,3286.88,3286.88,0.00,2026-06-03T21:53:50Z
04627393,06/07/2026,allocated,34,2487.63,1,2487.63,2487.63,0.00,2026-06-07T21:14:25Z
04627746,06/07/2026,inline,,57.72,1,57.72,57.72,0.00,inline
04635583,06/10/2026,allocated,40,3156.14,1,3156.14,3156.14,0.00,2026-06-10T21:47:39Z
04643328,06/14/2026,allocated,18,2803.50,1,2803.50,2803.50,0.00,2026-06-14T21:22:42Z
04653737,06/18/2026,allocated,13,579.74,1,579.74,579.74,0.00,2026-06-18T19:59:28Z
04659476,06/21/2026,confirmation,56,5644.94,2,5736.11,5722.20,13.91,2026-06-21T21:28:00Z
14380632,06/21/2026,confirmation,2,77.26,2,5736.11,5722.20,13.91,2026-06-21T21:28:00Z
04665226,06/24/2026,modified,7,603.81,1,603.81,603.81,0.00,2026-06-24T01:28:28Z
04667336,06/24/2026,allocated,6,457.59,1,457.59,457.59,0.00,2026-06-24T21:02:47Z
04675097,06/28/2026,confirmation,70,6467.31,2,6813.51,6813.51,0.00,2026-06-28T21:05:00Z
04675098,06/28/2026,confirmation,2,346.20,2,6813.51,6813.51,0.00,2026-06-28T21:05:00Z
04690479,07/05/2026,allocated,33,2524.01,1,2524.01,2524.01,0.00,2026-07-05T21:29:36Z
04697231,07/08/2026,inline,,8.99,1,8.99,8.99,0.00,inline
04698081,07/08/2026,inline,,75.47,1,75.47,75.47,0.00,inline
04705867,07/12/2026,allocated,67,6205.64,1,6205.64,6205.64,0.00,2026-07-12T21:30:57Z
04713228,07/15/2026,allocated,50,4960.76,1,4960.76,4960.76,0.00,2026-07-15T19:17:13Z
04720527,07/19/2026,allocated,33,2958.80,1,2958.80,2958.80,0.00,2026-07-19T19:01:20Z
04735930,07/25/2026,inline,,260.77,1,260.77,260.77,0.00,inline
04745359,07/29/2026,inline,,48.95,1,48.95,48.95,0.00,inline
04745437,07/29/2026,inline,,111.50,1,111.50,111.50,0.00,inline
04745480,07/29/2026,inline,,24.79,1,24.79,24.79,0.00,inline
